Pair,Volume (24h)(in $)
BTC/USD,605085153
BTC/JPY,220356706
ETH/BTC,79686161
BTC/KRW,72289960
BTC/CNY,55987235
BTC/EUR,53959651
BCC/BTC,53840211
BTC/USDT,42150980
NEO/BTC,35982630
XMR/BTC,22454990
LTC/BTC,15568126
QTUM/BTC,14506610
BTS/BTC,14035473
ADA/BTC,13997700
DASH/BTC,13140851
ZEC/BTC,12986651
BCH/BTC,12097827
LSK/BTC,10818215
WTC/BTC,10563200
EMC2/BTC,10507250
STRAT/BTC,10407396
XRP/BTC,9791907
OMG/BTC,9627290
SNM/BTC,8367780
BNB/BTC,7579960
